trippoint_id,point_timestamp,latitude,longitude,category,speed,speed_limit,bearing,trip_id
6987900810,2015-09-12 17:56:41,41.9734,12.547633,5,50.0,50.0,40.0,1496612065
6953614142,2015-09-07 07:49:53,41.973433,12.547616,1,110.0,130.0,300.0,1489110554
6990649936,2015-09-13 18:54:00,41.973433,12.547633,1,108.0,130.0,300.0,1497920496
7076670345,2015-09-27 16:26:02,41.973416,12.547633,5,106.0,40.0,300.0,1516305793
7011436912,2015-09-17 06:46:59,41.973383,12.547616,5,116.0,40.0,300.0,1501973450
6920581771,2015-09-02 04:43:08,41.973433,12.547566,1,120.0,130.0,300.0,1482284744
6988022839,2015-09-13 10:39:21,41.97335,12.547566,5,58.0,50.0,38.0,1498226734
7068510538,2015-09-22 16:53:21,41.973416,12.547616,5,146.0,40.0,300.0,1514315275
6993008920,2015-09-13 22:10:24,41.97335,12.547616,5,92.0,40.0,120.0,1497539103
6960893300,2015-09-09 04:45:24,41.97335,12.547616,5,148.0,40.0,120.0,1490887005
6986807327,2015-09-12 10:29:09,41.973366,12.54755,1,112.0,130.0,120.0,1496381082
6983542352,2015-09-12 13:33:14,41.973362,12.547643,5,54.0,40.0,46.0,1495694489
6934039336,2015-09-04 11:46:02,41.97335,12.547616,5,60.0,50.0,46.0,1485189476
7039266700,2015-09-21 12:49:27,41.973366,12.547633,5,40.0,50.0,46.0,1507697998
6981852124,2015-09-12 08:02:42,41.973383,12.547583,5,100.0,40.0,120.0,1495332463
6922365322,2015-09-02 17:30:31,41.97335,12.547633,5,52.0,50.0,50.0,1491793668
7014895254,2015-09-17 08:29:18,41.97335,12.547566,5,118.0,40.0,120.0,1502524607
6913041212,2015-09-01 09:02:58,41.973394,12.547591,5,144.0,40.0,120.0,1480652203
6940473529,2015-09-05 00:36:52,41.973416,12.547616,5,124.0,40.0,300.0,1486534418
6997644989,2015-09-14 22:03:21,41.973416,12.5476,5,84.0,40.0,120.0,1500637448
6954737192,2015-09-08 05:29:09,41.973383,12.547633,5,62.0,50.0,44.0,1490329116
7093284351,2015-09-29 10:44:40,41.973433,12.547566,1,112.0,130.0,300.0,1519738137
6991633141,2015-09-13 20:18:06,41.97335,12.547616,5,108.0,40.0,120.0,1497242787
6964283702,2015-09-09 10:27:53,41.973366,12.547616,5,126.0,40.0,120.0,1491455687
7040525201,2015-09-21 18:23:29,41.973366,12.54755,1,118.0,130.0,120.0,1508163567
7032034840,2015-09-19 17:02:30,41.973366,12.547633,5,112.0,40.0,120.0,1506255347
6952776324,2015-09-06 20:07:04,41.973366,12.547616,5,116.0,40.0,120.0,1488927135
6961386788,2015-09-08 16:04:31,41.973416,12.5476,5,104.0,40.0,300.0,1490806519
7086918272,2015-09-29 08:09:25,41.973416,12.547616,5,120.0,40.0,300.0,1518256748
7013741891,2015-09-17 11:25:35,41.973366,12.5476,5,62.0,50.0,50.0,1502296143
7104183478,2015-09-27 11:42:31,41.973383,12.547633,5,50.0,50.0,38.0,1522230772
6961474668,2015-09-07 12:38:47,41.973366,12.547583,5,56.0,50.0,46.0,1490828043
6959872929,2015-09-08 15:32:47,41.973383,12.547566,5,32.0,40.0,120.0,1490486882
7067620927,2015-09-26 06:24:21,41.973433,12.547566,1,100.0,130.0,300.0,1514816675
3435523802,2013-11-23 18:23:43,41.973366,12.547633,5,44.0,20.0,50.0,703547831
3451281270,2013-11-26 06:56:35,41.97335,12.547566,5,50.0,20.0,44.0,707071731
3393782903,2013-11-14 10:12:45,41.973383,12.547633,5,136.0,20.0,120.0,694010748
3420498269,2013-11-20 14:58:54,41.973366,12.547633,5,104.0,20.0,120.0,700037355
3360678551,2013-11-07 06:15:38,41.973433,12.547566,1,98.0,20.0,300.0,687187499
3452033855,2013-11-28 07:05:41,41.973383,12.547566,5,122.0,20.0,120.0,707624152
3409527465,2013-11-18 10:13:47,41.97335,12.5476,5,142.0,20.0,120.0,697474851
3427847050,2013-11-20 10:51:02,41.9734,12.5476,5,60.0,20.0,38.0,701790250
3352215712,2013-11-04 10:32:04,41.973383,12.547616,5,40.0,20.0,44.0,684561602
3405037677,2013-11-17 07:24:49,41.973433,12.547633,1,98.0,20.0,300.0,696556349
3445894927,2013-11-26 13:10:13,41.9734,12.547633,5,60.0,20.0,46.0,705848356
3434417672,2013-11-23 17:31:23,41.973383,12.54755,5,102.0,20.0,120.0,703309381
3348828389,2013-11-03 08:28:23,41.973377,12.547602,5,122.0,20.0,300.0,683787496
3417893240,2013-11-19 20:59:13,41.973416,12.5476,5,56.0,20.0,42.0,699435004
3382899991,2013-11-10 11:54:50,41.973383,12.547583,5,48.0,20.0,42.0,691469664
3392918980,2013-11-14 11:51:16,41.973383,12.547616,5,56.0,20.0,44.0,693809153
3356483000,2013-11-05 13:57:54,41.973366,12.5476,5,48.0,20.0,44.0,685517625
3426102867,2013-11-21 23:02:39,41.973424,12.547607,5,142.0,20.0,300.0,701655416
3393105194,2013-11-14 12:14:45,41.973366,12.547566,5,118.0,20.0,120.0,693861809
3459175159,2013-11-29 15:54:39,41.97335,12.547595,5,18.0,20.0,118.0,709140296
3360335187,2013-11-06 22:25:13,41.9734,12.54755,5,116.0,20.0,120.0,686413441
3381134861,2013-11-11 14:14:49,41.97335,12.547566,5,94.0,20.0,120.0,691067103
3410474378,2013-11-18 14:02:02,41.973383,12.547583,5,90.0,20.0,120.0,698086944
3496772251,2013-12-07 17:08:54,41.973406,12.547553,5,144.0,20.0,120.0,717446685
3561206549,2013-12-21 15:09:13,41.973383,12.547633,5,52.0,20.0,52.0,732143698
3485922024,2013-12-05 16:55:13,41.97335,12.547633,5,58.0,20.0,42.0,715292099
3507610448,2013-12-10 13:44:41,41.973383,12.547583,5,50.0,20.0,38.0,719877150
3537552815,2013-12-17 07:24:20,41.9734,12.547566,5,96.0,20.0,120.0,726732559
3479454423,2013-12-04 11:10:39,41.973383,12.547583,5,114.0,20.0,120.0,714583496
3502416822,2013-12-09 09:27:11,41.973433,12.547616,1,96.0,20.0,300.0,718683419
3499415261,2013-12-08 16:44:01,41.973428,12.547562,1,118.0,20.0,300.0,718016949
3573353017,2013-12-24 12:53:25,41.973366,12.547566,5,136.0,20.0,120.0,735533792
3516803190,2013-12-12 12:57:58,41.973366,12.547583,5,92.0,20.0,120.0,722039738
3492294025,2013-12-06 17:58:35,41.97335,12.547566,5,102.0,20.0,118.0,716394015
3574353937,2013-12-24 16:31:32,41.9734,12.547583,5,50.0,20.0,40.0,735212991
3517381666,2013-12-12 07:50:24,41.973383,12.5476,5,58.0,20.0,34.0,722167640
3600498332,2013-12-31 17:33:20,41.973404,12.547633,5,60.0,20.0,46.0,742244755
3486807794,2013-12-05 19:41:40,41.97335,12.54755,1,104.0,20.0,120.0,716645616
3581634377,2013-12-27 08:13:02,41.973424,12.547616,5,118.0,20.0,300.0,736869844
3488169777,2013-12-05 19:30:02,41.97335,12.5476,5,50.0,20.0,42.0,715439394
3576513582,2013-12-25 11:30:47,41.973356,12.547639,5,60.0,20.0,46.0,735766466
3474996384,2013-12-03 10:46:13,41.973366,12.547616,5,118.0,20.0,120.0,712491957
3496894068,2013-12-07 22:58:36,41.97335,12.547583,5,126.0,20.0,120.0,717463448
3492681044,2013-12-07 07:04:14,41.973366,12.547583,5,96.0,20.0,120.0,716565373
3561546250,2013-12-21 19:54:24,41.973433,12.547583,1,116.0,20.0,300.0,732696241
3567718263,2013-12-22 16:01:22,41.97335,12.547583,5,48.0,20.0,42.0,733616547
3508229129,2013-12-10 14:04:49,41.973416,12.547633,5,60.0,20.0,40.0,720012291
3756255803,2014-02-06 09:48:36,41.97335,12.547566,5,114.0,20.0,120.0,777527688
3783235382,2014-02-12 10:19:35,41.973416,12.547616,5,138.0,20.0,300.0,783007576
3797248245,2014-02-15 10:10:37,41.97335,12.547616,5,58.0,20.0,46.0,786201891
3766651113,2014-02-08 13:14:26,41.97335,12.547616,5,58.0,20.0,44.0,779559645
3794481173,2014-02-14 08:09:55,41.973416,12.547633,5,126.0,20.0,300.0,785558086
3736594684,2014-02-01 16:03:12,41.9734,12.547566,5,42.0,20.0,36.0,773579400
3792408746,2014-02-14 10:04:51,41.97335,12.54755,1,102.0,20.0,120.0,785102467
3763115252,2014-02-07 16:26:15,41.973366,12.54755,1,86.0,20.0,120.0,778680434
3779343041,2014-02-09 18:53:35,41.973366,12.5476,5,46.0,20.0,40.0,782120835
3764529297,2014-02-08 00:50:26,41.973433,12.547583,1,116.0,20.0,300.0,779328274
3822614438,2014-02-20 20:21:47,41.9734,12.54755,5,114.0,20.0,300.0,792034766
3810194271,2014-02-18 07:46:17,41.97335,12.547616,5,56.0,20.0,40.0,789101750
3747391542,2014-02-03 16:53:23,41.973383,12.547633,5,114.0,20.0,300.0,774794238
3807769831,2014-02-17 17:24:53,41.973366,12.547566,5,116.0,20.0,120.0,788549679
3781298445,2014-02-11 19:04:48,41.973366,12.547583,5,102.0,20.0,120.0,782580880
3845300232,2014-02-25 13:51:26,41.97335,12.547616,5,54.0,20.0,46.0,797179027
3743104273,2014-02-03 07:17:59,41.97335,12.54755,1,48.0,20.0,44.0,773773705
3820189538,2014-02-19 20:04:42,41.973375,12.547628,5,52.0,20.0,48.0,791481488
4150287686,2014-04-28 15:27:10,41.973383,12.54755,5,122.0,20.0,120.0,866117086
4035395560,2014-04-05 22:42:04,41.973354,12.547599,5,118.0,20.0,122.0,841770928
4130767561,2014-04-24 09:46:05,41.97335,12.547566,5,62.0,20.0,50.0,862006812
4149829400,2014-04-27 14:55:13,41.97335,12.5476,5,98.0,20.0,120.0,866014741
4146004285,2014-04-21 10:13:00,41.97335,12.547616,5,60.0,20.0,42.0,865169953
4093670030,2014-04-17 11:39:00,41.97335,12.5476,5,52.0,20.0,46.0,853763816
4151629859,2014-04-29 05:52:41,41.973422,12.547642,5,102.0,20.0,300.0,866444534
4077598634,2014-04-14 13:03:59,41.97335,12.547583,5,110.0,20.0,120.0,850610829
4149442405,2014-04-28 15:09:41,41.973366,12.547633,5,112.0,20.0,120.0,865940970
4042441375,2014-04-07 13:42:17,41.97335,12.547633,5,120.0,20.0,120.0,841737403
4090561747,2014-04-16 13:48:17,41.973366,12.54755,1,96.0,20.0,120.0,853067328
4132040030,2014-04-25 07:56:16,41.9734,12.547616,5,118.0,20.0,302.0,864129445
4108545817,2014-04-20 09:21:04,41.973383,12.547633,5,46.0,20.0,48.0,857196870
4067099118,2014-04-12 08:21:40,41.9734,12.5476,5,116.0,20.0,300.0,848022224
4014176532,2014-04-01 10:17:00,41.9734,12.547566,5,116.0,20.0,120.0,835357730
4142059011,2014-04-27 10:54:11,41.973383,12.547633,5,42.0,20.0,44.0,864392708
4079075572,2014-04-14 12:56:53,41.97335,12.547633,5,120.0,20.0,120.0,850320116
4028271662,2014-04-04 10:49:20,41.973413,12.54759,5,114.0,20.0,120.0,838611102
4094606081,2014-04-17 14:38:23,41.97335,12.547633,5,46.0,20.0,46.0,856483722
4154862621,2014-04-29 18:35:22,41.97335,12.5476,5,110.0,20.0,120.0,867205262
4080133748,2014-04-15 03:02:30,41.9734,12.547616,5,58.0,20.0,40.0,851553521
4066251675,2014-04-12 05:56:00,41.97335,12.547566,5,64.0,20.0,44.0,847904614
4113443653,2014-04-21 13:04:20,41.9734,12.547583,5,132.0,20.0,120.0,858167759
6105246976,2015-04-23 11:28:55,41.973366,12.5476,5,48.0,20.0,46.0,1300116127
6142168027,2015-04-30 04:46:00,41.973416,12.547633,5,112.0,20.0,300.0,1308348545
5972016503,2015-04-01 09:22:03,41.973433,12.5476,1,108.0,20.0,300.0,1270333005
6004880193,2015-04-07 09:56:53,41.97335,12.54756,5,70.0,20.0,120.0,1277418208
6125693500,2015-04-27 09:06:56,41.973447,12.547638,1,110.0,20.0,300.0,1304509550
5982922996,2015-04-03 10:12:27,41.973366,12.547566,5,98.0,20.0,120.0,1272787240
6105536382,2015-04-23 16:04:06,41.973433,12.547583,1,110.0,20.0,300.0,1300189050
5987565729,2015-04-02 13:06:29,41.97335,12.547566,5,94.0,20.0,120.0,1273829527
6014066969,2015-04-08 04:35:32,41.973416,12.547633,5,112.0,20.0,300.0,1279425546
5979525602,2015-04-02 16:43:02,41.97342,12.54764,5,42.0,20.0,42.0,1272008308
6030441787,2015-04-11 06:07:06,41.973433,12.547633,1,118.0,20.0,300.0,1283181070
6032637739,2015-04-11 16:19:13,41.97335,12.547583,5,126.0,20.0,120.0,1283674562
6022728341,2015-04-10 06:54:52,41.973416,12.547616,5,104.0,20.0,300.0,1281390249
6119200318,2015-04-25 16:45:11,41.973366,12.547566,5,114.0,20.0,120.0,1303196347
6086212834,2015-04-20 17:25:08,41.973383,12.547633,5,46.0,20.0,42.0,1301829754
6073372799,2015-04-18 13:04:40,41.973366,12.547633,5,116.0,20.0,300.0,1293305321
6064208707,2015-04-16 17:39:29,41.973383,12.54755,5,108.0,20.0,120.0,1290763659
6029743810,2015-04-11 09:54:19,41.97335,12.547616,5,92.0,20.0,120.0,1283019273
6096984351,2015-04-22 13:00:38,41.973416,12.547616,5,106.0,20.0,302.0,1298215795
6076266228,2015-04-18 14:34:32,41.97335,12.547554,5,112.0,20.0,120.0,1293546217
6125333955,2015-04-27 09:54:11,41.973366,12.547566,5,124.0,20.0,120.0,1305459102
6009890857,2015-04-08 06:19:20,41.973394,12.547639,5,58.0,20.0,46.0,1278464286
6052945641,2015-04-15 07:59:25,41.973433,12.547616,1,62.0,20.0,38.0,1288179850
6036922919,2015-04-12 14:08:59,41.97335,12.547616,5,62.0,20.0,54.0,1284552143
6028308964,2015-04-10 20:13:29,41.973416,12.547633,5,88.0,20.0,300.0,1282654881
6134653454,2015-04-28 06:37:22,41.9734,12.547633,5,112.0,20.0,300.0,1306567864
6134518010,2015-04-28 06:39:23,41.973433,12.5476,1,112.0,20.0,300.0,1306536547
6083403904,2015-04-20 07:27:24,41.973383,12.54755,5,112.0,20.0,120.0,1295057620
6018412134,2015-04-09 13:34:04,41.973383,12.547633,5,114.0,20.0,300.0,1281391742
5979085223,2015-04-02 16:41:58,41.97335,12.54755,1,52.0,20.0,34.0,1272790192
6062744266,2015-04-16 17:49:47,41.9734,12.547616,5,56.0,20.0,44.0,1291565894
5999754792,2015-04-06 13:05:38,41.973383,12.5476,5,122.0,20.0,120.0,1277781028
6142102518,2015-04-30 03:42:57,41.97335,12.547566,5,84.0,20.0,120.0,1308338410
6142772259,2015-04-29 20:39:40,41.973383,12.547616,5,74.0,20.0,44.0,1308488580
5997429070,2015-04-05 19:44:08,41.973377,12.547623,5,126.0,20.0,300.0,1276049260
5536718374,2015-01-13 17:17:13,41.9734,12.547583,5,98.0,20.0,120.0,1170877621
5590592844,2015-01-23 16:12:38,41.97335,12.547583,5,92.0,20.0,120.0,1183264133
5509939968,2015-01-08 07:20:57,41.973366,12.54755,1,50.0,20.0,40.0,1164612665
5525174554,2015-01-08 17:58:41,41.973416,12.547616,5,50.0,20.0,38.0,1168156744
5544014532,2015-01-15 06:54:53,41.973416,12.547616,5,106.0,20.0,300.0,1172738107
5577490439,2015-01-21 10:54:14,41.973383,12.5476,5,116.0,20.0,120.0,1180232893
5541693796,2015-01-14 15:54:19,41.97335,12.547583,5,92.0,20.0,120.0,1171986661
5499464892,2015-01-06 16:14:45,41.973354,12.547591,5,54.0,20.0,46.0,1163808747
5572115998,2015-01-20 11:41:46,41.973433,12.547633,1,48.0,20.0,26.0,1179184158
5568868920,2015-01-19 17:26:07,41.973416,12.54755,5,114.0,20.0,300.0,1178215646
5524168450,2015-01-11 11:16:48,41.973383,12.5476,5,54.0,20.0,42.0,1169512462
5496571918,2015-01-05 11:13:35,41.973366,12.5476,5,50.0,20.0,40.0,1161563597
5616837635,2015-01-28 14:22:03,41.973433,12.547616,1,114.0,20.0,300.0,1189281337
5521292520,2015-01-10 16:22:52,41.97335,12.54755,1,82.0,20.0,120.0,1167302231
5532491646,2015-01-13 05:55:58,41.973398,12.547631,5,64.0,20.0,44.0,1170522589
5581538114,2015-01-22 06:48:38,41.973409,12.54764,5,62.0,20.0,44.0,1181170607
5490529182,2015-01-03 19:21:51,41.973425,12.547628,5,52.0,20.0,38.0,1160226323
5623416717,2015-01-29 12:14:48,41.97335,12.547583,5,104.0,20.0,120.0,1190799628
5495044721,2015-01-04 19:51:57,41.973383,12.547633,5,54.0,20.0,40.0,1161224081
5560283668,2015-01-17 20:10:11,41.973366,12.547633,5,56.0,20.0,44.0,1176315639
5609782062,2015-01-27 08:48:55,41.973383,12.547633,5,56.0,20.0,118.0,1187609786
5592894860,2015-01-23 12:45:39,41.97335,12.547583,5,60.0,20.0,42.0,1183781034
5639080491,2015-01-31 14:42:55,41.9734,12.547583,5,126.0,20.0,120.0,1194330809
5578216613,2015-01-21 13:03:09,41.973433,12.547616,1,44.0,20.0,34.0,1181690395
5482917905,2015-01-03 09:09:20,41.973366,12.5476,5,54.0,20.0,50.0,1159295590
5513983869,2015-01-09 05:40:18,41.973383,12.547583,5,66.0,20.0,44.0,1165581977
5518578555,2015-01-10 08:57:14,41.97335,12.547633,5,60.0,20.0,54.0,1167586639
5642293911,2015-01-31 11:03:17,41.97335,12.54755,1,112.0,20.0,120.0,1195093005
5489984885,2015-01-04 16:52:52,41.973366,12.54755,1,118.0,20.0,120.0,1160335250
5539406126,2015-01-14 08:46:22,41.973416,12.547616,5,108.0,20.0,300.0,1171789408
5493444555,2015-01-05 10:26:03,41.973366,12.54755,1,116.0,20.0,120.0,1160868729
4534907782,2014-07-11 15:51:49,41.973361,12.547627,5,54.0,20.0,50.0,953408337
4632276184,2014-07-29 07:20:07,41.973416,12.547616,5,124.0,20.0,300.0,971256895
4596691503,2014-07-22 12:02:41,41.973383,12.547616,5,122.0,20.0,120.0,963884286
4609659274,2014-07-25 12:49:48,41.973366,12.547566,5,126.0,20.0,120.0,966768307
4585276963,2014-07-21 06:13:46,41.973365,12.547602,5,106.0,20.0,120.0,961607170
4609430670,2014-07-25 04:00:47,41.973433,12.547566,1,110.0,20.0,300.0,966644105
4572448131,2014-07-18 15:32:47,41.973366,12.547616,5,50.0,20.0,44.0,958959114
4569908625,2014-07-18 05:47:09,41.973416,12.547629,5,100.0,20.0,300.0,958435134
4533376851,2014-07-10 16:47:41,41.97335,12.547566,5,52.0,20.0,46.0,950848473
4637645226,2014-07-30 15:55:46,41.97335,12.5476,5,138.0,20.0,120.0,972965371
4605800869,2014-07-24 10:15:36,41.97335,12.547566,5,138.0,20.0,120.0,965877302
4539602690,2014-07-12 08:14:04,41.973366,12.547616,5,146.0,20.0,120.0,952152661
4575285790,2014-07-19 06:32:05,41.97335,12.547616,5,50.0,20.0,44.0,959532622
4504288935,2014-07-05 23:43:03,41.9734,12.54755,5,124.0,20.0,120.0,946548675
4500543499,2014-07-04 16:55:23,41.973422,12.547552,5,130.0,20.0,120.0,943993934
4633960081,2014-07-29 10:13:44,41.973416,12.547633,5,56.0,20.0,42.0,971614323
4483783778,2014-07-02 09:04:19,41.973368,12.547602,5,124.0,20.0,120.0,941465316
4607854379,2014-07-25 03:13:51,41.973366,12.5476,5,46.0,20.0,44.0,966291289
4487907070,2014-07-03 04:40:46,41.973416,12.547633,5,54.0,20.0,44.0,941256609
4522639793,2014-07-09 04:34:31,41.973383,12.547583,5,64.0,20.0,46.0,948531225
4531613547,2014-07-10 17:17:24,41.973433,12.5476,1,110.0,20.0,300.0,950448894
4528351906,2014-07-10 13:20:21,41.973368,12.5476,5,122.0,20.0,120.0,949814808
4522244513,2014-07-09 11:05:17,41.973383,12.547633,5,46.0,20.0,42.0,948462243
4570474733,2014-07-18 09:05:08,41.973433,12.5476,1,110.0,20.0,300.0,958571028
6306847880,2015-05-26 14:53:41,41.973383,12.54755,5,94.0,20.0,120.0,1345385519
6193287403,2015-05-08 10:48:25,41.97335,12.54755,1,92.0,20.0,120.0,1320778824
6254563610,2015-05-18 10:55:19,41.973383,12.547566,5,152.0,20.0,120.0,1333474589
6269044397,2015-05-20 06:40:15,41.973383,12.5476,5,92.0,20.0,120.0,1336797044
6257782017,2015-05-19 05:14:22,41.973416,12.547616,5,98.0,20.0,300.0,1334467955
6251548712,2015-05-18 05:05:58,41.973383,12.547633,5,116.0,20.0,300.0,1332777485
6198199746,2015-05-08 15:23:02,41.973383,12.547583,5,40.0,20.0,36.0,1320712989
6222079701,2015-05-12 10:55:12,41.973383,12.547616,5,68.0,20.0,40.0,1326094906
6334901308,2015-05-31 11:34:27,41.97335,12.547583,5,92.0,20.0,120.0,1352030279
6251031973,2015-05-17 21:14:31,41.97335,12.547566,5,112.0,20.0,120.0,1333870266
6299474491,2015-05-25 05:17:42,41.973366,12.547583,5,124.0,20.0,120.0,1343671792
6313510364,2015-05-27 12:31:07,41.973441,12.547585,1,102.0,20.0,300.0,1346939863
6204920530,2015-05-10 08:59:53,41.973383,12.5476,5,58.0,20.0,44.0,1322260927
6320135087,2015-05-29 05:48:17,41.973365,12.547624,5,66.0,20.0,50.0,1348466684
6312012200,2015-05-26 21:31:31,41.973368,12.547649,5,68.0,20.0,46.0,1346584877
6301903625,2015-05-26 08:44:58,41.973416,12.547633,5,130.0,20.0,302.0,1344880022
6199611216,2015-05-09 10:45:35,41.973366,12.54755,1,118.0,20.0,120.0,1321479479
6299287179,2015-05-23 15:06:37,41.973372,12.547581,5,48.0,20.0,40.0,1343634401
6224372533,2015-05-13 06:47:17,41.973387,12.547569,5,110.0,20.0,300.0,1326636724
6286978026,2015-05-23 13:34:39,41.97335,12.547633,5,68.0,20.0,46.0,1340963423
6181260043,2015-05-06 13:08:10,41.973383,12.547566,5,120.0,20.0,120.0,1316772975
6223441737,2015-05-13 10:16:52,41.973354,12.547584,5,40.0,20.0,50.0,1326719922
6537348017,2015-06-28 09:46:57,41.973366,12.54755,1,128.0,130.0,120.0,1395538610
6361871446,2015-06-04 18:16:50,41.9734,12.54755,5,112.0,20.0,120.0,1357461668
6451704698,2015-06-19 07:24:36,41.97335,12.5476,5,114.0,20.0,120.0,1377261318
6521888218,2015-06-30 14:26:32,41.973383,12.5476,5,122.0,20.0,120.0,1392179411
6398860387,2015-06-10 16:24:03,41.973433,12.547583,1,140.0,20.0,300.0,1365634138
6392241539,2015-06-08 16:49:55,41.973366,12.547616,5,50.0,20.0,50.0,1364123660
6416102911,2015-06-13 14:12:21,41.973383,12.547616,5,54.0,20.0,42.0,1372696891
6459318151,2015-06-20 13:00:08,41.97335,12.547566,5,50.0,20.0,42.0,1379605251
6343487865,2015-06-01 11:44:36,41.9734,12.547583,5,140.0,20.0,120.0,1353566601
6517231552,2015-06-29 12:00:35,41.973366,12.547616,5,150.0,20.0,120.0,1391142880
6468753423,2015-06-18 16:09:12,41.973366,12.5476,5,58.0,20.0,42.0,1380796181
6388522097,2015-06-07 23:06:36,41.973433,12.547566,1,118.0,20.0,300.0,1363281574
6423915142,2015-06-14 22:24:46,41.973383,12.547633,5,56.0,20.0,48.0,1371022381
6367196886,2015-06-05 15:27:29,41.9734,12.547566,5,74.0,20.0,120.0,1358682162
6475411956,2015-06-22 17:44:53,41.973416,12.547633,5,44.0,20.0,34.0,1382253238
6400229713,2015-06-10 16:23:08,41.9734,12.547633,5,86.0,20.0,300.0,1365938075
6487304195,2015-06-25 06:12:09,41.973383,12.547616,5,114.0,20.0,120.0,1384901218
6423037341,2015-06-14 18:36:42,41.973416,12.547616,5,114.0,20.0,300.0,1377876161
6366768633,2015-06-05 14:51:58,41.97335,12.5476,5,52.0,20.0,120.0,1360928878
6445152022,2015-06-18 09:39:31,41.97335,12.547566,5,136.0,20.0,120.0,1375766828
6468780324,2015-06-22 06:09:28,41.973383,12.547633,5,104.0,20.0,120.0,1380808169
6349210692,2015-06-02 18:18:49,41.973366,12.54755,1,130.0,20.0,120.0,1354644770
6407020671,2015-06-11 14:55:19,41.973433,12.5476,1,102.0,20.0,300.0,1367470340
6515060851,2015-06-29 13:18:47,41.973366,12.547583,5,84.0,20.0,120.0,1392234667
6383684443,2015-06-08 06:45:02,41.973433,12.547566,1,100.0,20.0,300.0,1362205222
6474729367,2015-06-22 07:19:49,41.97335,12.547616,5,58.0,20.0,46.0,1382079639
6461661981,2015-06-20 17:51:54,41.973383,12.54755,5,132.0,20.0,120.0,1379443991
6484561447,2015-06-24 15:16:50,41.97335,12.547616,5,52.0,20.0,44.0,1384314625
6368331440,2015-06-05 18:19:06,41.973383,12.54755,5,128.0,20.0,120.0,1360451118
6453108416,2015-06-19 13:51:43,41.97335,12.5476,5,80.0,20.0,120.0,1377696166
6399200742,2015-06-10 18:38:26,41.973425,12.547615,5,104.0,20.0,300.0,1365705993
6359197823,2015-06-04 04:29:43,41.973383,12.547616,5,102.0,20.0,300.0,1356885345
4365322766,2014-06-09 15:07:40,41.973383,12.547616,5,106.0,20.0,120.0,914584547
4322246603,2014-06-01 12:18:53,41.973366,12.54755,1,52.0,20.0,46.0,905844661
4366959799,2014-06-09 20:38:18,41.973366,12.54755,1,110.0,20.0,120.0,914909291
4400599992,2014-06-16 14:02:47,41.973416,12.547633,5,114.0,20.0,300.0,922901484
4398851027,2014-06-16 08:38:05,41.973383,12.547633,5,110.0,20.0,300.0,923427823
4335602687,2014-06-04 06:48:27,41.973416,12.547633,5,132.0,20.0,300.0,908069970
4416134585,2014-06-19 07:46:46,41.9734,12.547566,5,110.0,20.0,300.0,925764369
4400524047,2014-06-16 14:05:45,41.973366,12.547616,5,50.0,20.0,46.0,922747028
4460690456,2014-06-27 18:43:13,41.973398,12.547639,5,64.0,20.0,44.0,935647378
4328596651,2014-06-02 19:24:53,41.9734,12.54755,5,100.0,20.0,120.0,906515706
4432803035,2014-06-22 17:34:52,41.97335,12.547633,5,50.0,20.0,52.0,932538020
4471150245,2014-06-29 23:40:15,41.97335,12.54755,1,122.0,20.0,120.0,938035634
4473773491,2014-06-30 05:54:37,41.973368,12.547622,5,72.0,20.0,50.0,938131955
4398277087,2014-06-16 05:48:07,41.973362,12.547629,5,54.0,20.0,42.0,921757169
4401599277,2014-06-16 16:28:49,41.97335,12.547633,5,120.0,20.0,120.0,922492973
4455052017,2014-06-26 13:36:57,41.9734,12.547633,5,126.0,20.0,300.0,934206418
4439344937,2014-06-23 22:50:43,41.97335,12.547566,5,108.0,20.0,118.0,930682709
4457079240,2014-06-27 06:07:52,41.973416,12.547633,5,80.0,20.0,300.0,934662161
4436936031,2014-06-23 06:09:11,41.973416,12.547633,5,60.0,20.0,44.0,930159914
4473506969,2014-06-30 06:07:37,41.973366,12.5476,5,60.0,20.0,48.0,938070189
4428801269,2014-06-21 19:10:30,41.9734,12.547633,5,116.0,20.0,300.0,930941373
4390799387,2014-06-14 09:49:46,41.973433,12.547616,1,80.0,20.0,300.0,920208613
4464721192,2014-06-28 14:19:43,41.97335,12.547633,5,116.0,20.0,120.0,936311590
4474848350,2014-06-30 15:12:59,41.973433,12.547583,1,122.0,20.0,300.0,938356259
4455827661,2014-06-27 04:38:10,41.9734,12.547633,5,56.0,20.0,36.0,934373607
4781543173,2014-08-26 17:26:02,41.97335,12.547583,5,36.0,20.0,42.0,1001512097
4654334730,2014-08-02 14:31:46,41.97335,12.547566,5,62.0,20.0,42.0,976943667
4677934144,2014-08-06 16:44:07,41.973428,12.547572,1,118.0,20.0,300.0,981010345
4765988892,2014-08-23 19:26:34,41.973416,12.547633,5,116.0,20.0,300.0,998481773
4800904940,2014-08-30 14:40:09,41.973366,12.5476,5,50.0,20.0,38.0,1005460050
4664460473,2014-08-04 06:14:51,41.973366,12.54755,1,64.0,20.0,46.0,978197593
4680714170,2014-08-07 04:49:05,41.9734,12.547616,5,70.0,20.0,38.0,981615312
4808370768,2014-08-27 16:59:28,41.973383,12.547633,5,42.0,20.0,42.0,1006823879
2931969086,2013-07-18 09:03:36,41.973416,12.547616,5,110.0,20.0,300.0,594400572
2878951428,2013-07-15 17:14:03,41.973416,12.547633,5,126.0,20.0,300.0,583567602
2830510860,2013-07-03 16:09:16,41.97335,12.54755,1,108.0,20.0,120.0,573442882
2851008842,2013-07-08 09:21:59,41.973366,12.547566,5,60.0,20.0,46.0,577691895
2872343690,2013-07-14 00:48:41,41.973366,12.5476,5,64.0,20.0,44.0,582219052
2940309898,2013-07-30 12:12:10,41.97335,12.547616,5,50.0,20.0,42.0,596020786
2888846883,2013-07-18 06:31:52,41.973366,12.547583,5,98.0,20.0,120.0,585669348
2871841117,2013-07-13 11:43:58,41.973366,12.5476,5,126.0,20.0,120.0,582126185
2912862119,2013-07-23 06:34:44,41.973416,12.5476,5,120.0,20.0,300.0,590457015
2828715540,2013-07-03 09:28:04,41.973416,12.547616,5,100.0,20.0,300.0,573626400
2906233964,2013-07-21 20:34:48,41.973366,12.547583,5,126.0,20.0,120.0,589108001
2889547195,2013-07-18 07:32:38,41.9734,12.547633,5,108.0,20.0,300.0,585765678
2944821962,2013-07-31 12:51:44,41.97335,12.547583,5,114.0,20.0,120.0,597034988
2935452646,2013-07-28 19:16:37,41.97335,12.547566,5,114.0,20.0,120.0,595016205
2915313330,2013-07-24 04:50:05,41.97335,12.547616,5,124.0,20.0,120.0,590972568
2865255425,2013-07-12 09:31:13,41.973433,12.547583,1,108.0,20.0,300.0,580753197
7366549831,2015-11-11 15:29:37,41.973366,12.5476,5,56.0,40.0,42.0,1582329613
7405277807,2015-11-19 07:15:20,41.973433,12.547583,5,106.0,40.0,300.0,1590872837
7406381885,2015-11-19 21:48:00,41.973366,12.547566,5,136.0,40.0,300.0,1591108090
7355320202,2015-11-11 14:21:28,41.973416,12.547633,5,126.0,40.0,300.0,1580290169
7372295407,2015-11-14 06:07:50,41.97335,12.547583,1,138.0,130.0,120.0,1583593196
7355700748,2015-11-11 14:43:11,41.97335,12.547583,1,94.0,130.0,120.0,1579884199
7315803455,2015-11-04 19:58:14,41.97335,12.547566,5,134.0,40.0,120.0,1571079711
7382964399,2015-11-15 00:21:57,41.97335,12.54755,5,124.0,40.0,120.0,1585819091
7336628295,2015-11-08 13:28:43,41.97335,12.547566,5,110.0,40.0,120.0,1575745581
7336628260,2015-11-08 11:19:26,41.973433,12.547566,5,118.0,40.0,300.0,1575745584
7388867338,2015-11-14 17:56:40,41.973383,12.547633,5,62.0,40.0,46.0,1587131453
7367489142,2015-11-13 12:32:00,41.973366,12.547633,5,68.0,40.0,46.0,1582529079
7378432006,2015-11-13 14:31:08,41.973366,12.5476,5,132.0,40.0,120.0,1584971001
3092488882,2013-09-05 19:16:15,41.97335,12.547566,5,116.0,20.0,120.0,627258453
3079635566,2013-09-02 19:52:19,41.973366,12.54755,1,94.0,20.0,120.0,624100384
3184729479,2013-09-22 20:44:08,41.973433,12.54755,1,126.0,20.0,300.0,646758761
3165901184,2013-09-23 05:37:09,41.973416,12.547583,5,110.0,20.0,300.0,642441331
3174725064,2013-09-25 08:10:32,41.973417,12.547593,5,118.0,20.0,300.0,644476966
3090209714,2013-09-05 10:23:45,41.97335,12.547616,5,108.0,20.0,120.0,626432222
3120684653,2013-09-12 13:46:23,41.97335,12.547583,5,80.0,20.0,50.0,633265963
3100082943,2013-09-07 15:11:10,41.973366,12.547583,5,54.0,20.0,46.0,628454253
3104635522,2013-09-08 15:01:08,41.973433,12.547583,1,108.0,20.0,300.0,629025008
3128561232,2013-09-13 16:56:45,41.973416,12.547633,5,58.0,20.0,42.0,634356476
3161459700,2013-09-22 03:14:19,41.973383,12.547583,5,44.0,20.0,30.0,641644349
3078236134,2013-09-02 14:20:36,41.9734,12.547633,5,56.0,20.0,42.0,623461368
3175015926,2013-09-25 08:25:15,41.973446,12.547573,1,110.0,20.0,300.0,644536821
3151813651,2013-09-15 16:47:07,41.973445,12.547615,1,88.0,20.0,300.0,639416786
3156178303,2013-09-20 12:35:07,41.97335,12.5476,5,102.0,20.0,120.0,640360111
3179495229,2013-09-26 09:35:52,41.973432,12.547594,1,126.0,20.0,300.0,645562381
3153358302,2013-09-19 14:30:32,41.973433,12.547616,1,56.0,20.0,38.0,639735473
3184259531,2013-09-27 10:11:31,41.973366,12.547583,5,132.0,20.0,120.0,646913060
3092585942,2013-09-05 18:07:34,41.973366,12.5476,5,54.0,20.0,48.0,626550417
3103489552,2013-09-08 14:25:58,41.97335,12.547566,5,54.0,20.0,42.0,628848430
3115697748,2013-09-11 07:29:41,41.973389,12.547637,5,114.0,20.0,300.0,631451756
3128032908,2013-09-14 07:43:02,41.973366,12.547633,5,44.0,20.0,46.0,635759310
3113233999,2013-09-10 13:36:20,41.97335,12.547633,5,54.0,20.0,44.0,630864932
3171802549,2013-09-24 13:10:53,41.973433,12.5476,1,100.0,20.0,300.0,643795886
3114292391,2013-09-11 06:10:24,41.97335,12.547566,5,100.0,20.0,120.0,631100142
3184134335,2013-09-27 07:13:39,41.973352,12.547575,5,102.0,20.0,120.0,646635319
3189091713,2013-09-28 11:11:30,41.973427,12.547628,5,90.0,20.0,300.0,647745072
2691802960,2013-05-28 16:37:54,41.97335,12.547566,5,114.0,20.0,120.0,545575312
2686338866,2013-05-27 14:07:53,41.973366,12.54755,1,90.0,20.0,120.0,544138900
2649420973,2013-05-17 09:53:17,41.973373,12.547577,5,86.0,20.0,120.0,533784413
2646459570,2013-05-16 14:42:04,41.97335,12.5476,5,54.0,20.0,48.0,534826886
2697085335,2013-05-29 19:19:13,41.973366,12.547616,5,116.0,20.0,120.0,544434880
2663537574,2013-05-20 18:55:01,41.973366,12.547616,5,114.0,20.0,120.0,536858130
2660807599,2013-05-20 11:25:10,41.973433,12.547566,1,110.0,20.0,300.0,536250826
2640823793,2013-05-14 06:37:12,41.97335,12.547616,5,44.0,20.0,46.0,531790180
2613803891,2013-05-07 06:10:08,41.973383,12.547566,5,106.0,20.0,120.0,525520451
2592123137,2013-05-01 15:03:27,41.973432,12.547619,1,110.0,20.0,300.0,520736035
2684868776,2013-05-27 07:24:38,41.97335,12.54755,1,124.0,20.0,120.0,542088045
2631879533,2013-05-11 04:15:04,41.97337,12.547589,5,144.0,20.0,120.0,529780059
2691795521,2013-05-29 03:45:09,41.973432,12.547593,1,170.0,20.0,300.0,545378298
2702675414,2013-05-31 16:00:28,41.97335,12.547583,5,102.0,20.0,120.0,545741611
